Vegetation,Site,Coordinates,Slope,Aspect,Date,Time,Distance,Live/Dead,Tin Weight,Wet Weight,Dry Weight,Moisture Content (%),Surface Soil Moisture (%vol),Mineral / 15cm Depth Soil Moisture (%vol),Temperature (∘C),Wind Chill (∘C),Relative Humidity (%),Heat Index (∘C),Dew Point (∘C),Maximum Wind Speed (mph),Average Wind Speed (mph),Precipitation
Bracken,1,"51.898998, -3.745940",Gentle,North,27-Sep,09:17,0,Dead,22.923,31.942,24.619,431.781,TOO WET,67.9,9.2,9.1,88.7,9.1,7.3,2.3,3.0,Light rain hour before collection
,,,,,,,2,Dead,25.635,36.313,27.629,435.507,,,,,,,,,,
,,,,,,,4,Dead,25.654,39.227,27.830,523.759,,,,,,,,,,
,,,,,,,6,Dead,25.874,44.569,29.512,413.881,73.9,,,,,,,,,
,,,,,,,8,Dead,25.944,40.006,29.044,353.613,,,,,,,,,,
,,,,,,,10,Dead,25.924,34.288,27.941,314.675,,,,,,,,,,
,,,,,,,12,Dead,22.975,44.983,28.518,297.041,75.6,,,,,,,,,
,,,,,,,14,Dead,23.198,40.004,27.408,299.192,,,,,,,,,,
,,,,,,,16,Dead,25.494,36.978,27.339,522.439,,,,,,,,,,
,,,,,,,18,Dead,25.570,38.082,28.108,392.987,79.6,,,,,,,,,
,,,,,,,20,Dead,23.080,33.286,25.427,334.853,,,,,,,,,,
,,,,,,,22,Dead,25.983,35.594,27.927,394.393,,,,,,,,,,
,,,,,,,24,Dead,22.809,34.214,25.103,397.167,82.2,,,,,,,,,
,,,,,,,26,Dead,25.956,33.813,27.713,347.183,,,,,,,,,,
,,,,,,,28,Dead,25.687,33.449,28.203,208.506,,,,,,,,,,
,,,,,,,30,Dead,25.785,31.884,27.462,263.685,TOO WET,,,,,,,,,
Bracken,2,"51.898706, -3.746883",Steep,North,27-Sep,09:50,0,Dead,25.818,39.681,29.387,288.428,56.7,41.8,8.8,8.7,88.1,8.9,7.0,5.7,1.5,Light rain hour before collection
,,,,,,,2,Dead,25.736,40.649,28.097,531.639,,,,,,,,,,
,,,,,,,4,Dead,25.912,31.708,27.708,222.717,,,,,,,,,,
,,,,,,,6,Dead,25.724,42.534,28.621,480.255,62.3,,,,,,,,,
,,,,,,,8,Dead,25.798,33.784,28.076,250.571,,,,,,,,,,
,,,,,,,10,Dead,25.817,41.537,28.297,533.871,,,,,,,,,,
,,,,,,,12,Dead,25.650,29.211,27.406,102.790,64.8,,,,,,,,,
,,,,,,,14,Dead,25.555,33.197,27.933,221.362,,,,,,,,,,
,,,,,,,16,Dead,25.428,33.316,27.490,282.541,,,,,,,,,,
,,,,,,,18,Dead,25.471,37.074,27.695,421.718,63.4,,,,,,,,,
,,,,,,,20,Dead,25.572,31.810,27.207,281.529,,,,,,,,,,
,,,,,,,22,Dead,25.404,40.009,28.055,450.924,,,,,,,,,,
,,,,,,,24,Dead,25.953,31.019,27.394,251.561,58.8,,,,,,,,,
,,,,,,,26,Dead,25.552,37.510,28.154,359.570,,,,,,,,,,
,,,,,,,28,Dead,25.549,33.596,27.333,351.065,,,,,,,,,,
,,,,,,,30,Dead,25.488,46.13,29.842,374.093,49.0,,,,,,,,,
Bracken,3,"51.840317, -3.926856",Gentle,South,26-Sep,16:26,0,Dead,25.407,34.588,27.468,345.463,TOO WET,TOO WET,12.6,12.5,100.0,13.2,12.5,0.0,0.0,Heavy rain whilst collecting
,,,,,,,2,Dead,25.630,35.974,28.173,306.764,,,,,,,,,,
,,,,,,,4,Dead,23.276,34.499,25.899,327.869,,,,,,,,,,
,,,,,,,6,Dead,23.056,40.437,27.259,313.538,TOO WET,,,,,,,,,
,,,,,,,8,Dead,25.856,52.287,31.547,364.435,,,,,,,,,,
,,,,,,,10,Dead,22.899,32.497,25.302,299.417,,,,,,,,,,
,,,,,,,12,Dead,25.690,36.733,27.755,434.770,TOO WET,,,,,,,,,
,,,,,,,14,Dead,25.442,41.663,28.787,384.933,,,,,,,,,,
,,,,,,,16,Dead,25.905,37.520,28.446,357.104,,,,,,,,,,
,,,,,,,18,Dead,25.612,34.252,27.716,310.646,TOO WET,,,,,,,,,
,,,,,,,20,Dead,22.817,36.026,26.079,304.936,,,,,,,,,,
,,,,,,,22,Dead,25.749,37.786,28.221,386.934,,,,,,,,,,
,,,,,,,24,Dead,25.682,48.261,29.870,439.136,TOO WET,,,,,,,,,
,,,,,,,26,Dead,25.715,40.242,29.063,333.901,,,,,,,,,,
,,,,,,,28,Dead,23.637,39.071,26.832,383.067,,,,,,,,,,
,,,,,,,30,Dead,25.440,40.899,28.346,431.968,TOO WET,,,,,,,,,
Bracken,4,"51.840387, -3.919351",Steep,North,26-Sep,14:50,0,Dead,25.369,36.258,28.945,204.502,68.8,48.8,13.4,13.3,86.1,13.0,10.8,2.2,0.7,Light rain showers whilst collecting
,,,,,,,2,Dead,25.570,36.247,28.281,293.840,,,,,,,,,,
,,,,,,,4,Dead,22.805,31.098,24.949,286.800,,,,,,,,,,
,,,,,,,6,Dead,25.708,34.667,28.306,244.842,TOO WET,,,,,,,,,
,,,,,,,8,Dead,25.653,39.841,29.168,303.642,,,,,,,,,,
,,,,,,,10,Dead,25.902,38.115,29.841,210.053,,,,,,,,,,
,,,,,,,12,Dead,23.124,37.343,26.334,342.960,66.4,,,,,,,,,
,,,,,,,14,Dead,23.109,27.962,24.508,246.891,,,,,,,,,,
,,,,,,,16,Dead,25.673,36.650,28.357,308.979,,,,,,,,,,
,,,,,,,18,Dead,25.465,32.570,27.357,275.529,80.6,,,,,,,,,
,,,,,,,20,Dead,25.603,34.502,28.028,266.969,,,,,,,,,,
,,,,,,,22,Dead,23.195,32.298,26.126,210.577,,,,,,,,,,
,,,,,,,24,Dead,23.596,33.510,26.463,245.797,80.4,,,,,,,,,
,,,,,,,26,Dead,25.738,33.404,27.701,290.525,,,,,,,,,,
,,,,,,,28,Dead,25.473,31.441,27.479,197.507,,,,,,,,,,
,,,,,,,30,Dead,25.586,32.576,27.616,244.335,TOO WET,,,,,,,,,
Bracken,5,"51.841358, -3.917757",Gentle,North,26-Sep,15:31,0,Dead,25.545,34.783,27.293,428.490,TOO WET,46.5,13.3,12.9,98.7,12.6,11.9,1.2,0.7,Moderate rain showers whilst collecting
,,,,,,,2,Dead,26.035,37.767,28.486,378.662,,,,,,,,,,
,,,,,,,4,Dead,25.581,37.516,28.254,346.502,,,,,,,,,,
,,,,,,,6,Dead,22.969,36.404,25.746,383.795,79.4,,,,,,,,,
,,,,,,,8,Dead,25.830,32.309,27.234,361.467,,,,,,,,,,
,,,,,,,10,Dead,25.530,33.663,27.146,403.280,,,,,,,,,,
,,,,,,,12,Dead,22.845,28.661,24.658,220.794,76.9,,,,,,,,,
,,,,,,,14,Dead,25.471,44.295,29.496,367.677,,,,,,,,,,
,,,,,,,16,Dead,25.646,34.624,27.525,377.807,,,,,,,,,,
,,,,,,,18,Dead,25.965,35.460,27.580,487.926,TOO WET,,,,,,,,,
,,,,,,,20,Dead,23.060,43.392,26.284,530.645,,,,,,,,,,
,,,,,,,22,Dead,25.692,32.450,27.467,280.732,,,,,,,,,,
,,,,,,,24,Dead,25.733,38.438,28.331,389.030,TOO WET,,,,,,,,,
,,,,,,,26,Dead,25.811,36.721,27.967,406.030,,,,,,,,,,
,,,,,,,28,Dead,25.854,40.970,28.762,419.807,,,,,,,,,,
,,,,,,,30,Dead,25.551,45.141,29.986,341.714,TOO WET,,,,,,,,,
Bracken,6,"51.829836, -3.927408",Gentle,South,27-Sep,12:58,0,Dead,25.736,35.286,28.601,233.333,81.6,72.2,17.2,16.7,59.3,15.6,9.1,7.2,3.6,Light rain overnight
,,,,,,,2,Dead,22.770,28.882,25.000,174.081,,,,,,,,,,
,,,,,,,4,Dead,25.735,30.789,28.658,72.905,,,,,,,,,,
,,,,,,,6,Dead,25.547,30.061,27.569,123.244,TOO WET,,,,,,,,,
,,,,,,,8,Dead,25.450,46.577,31.279,262.446,,,,,,,,,,
,,,,,,,10,Dead,23.115,28.061,25.306,125.742,,,,,,,,,,
,,,,,,,12,Dead,25.827,32.207,28.883,108.770,TOO WET,,,,,,,,,
,,,,,,,14,Dead,25.828,34.199,29.347,137.880,,,,,,,,,,
,,,,,,,16,Dead,25.967,30.890,28.502,94.201,,,,,,,,,,
,,,,,,,18,Dead,25.611,32.155,28.914,98.123,82.5,,,,,,,,,
,,,,,,,20,Dead,23.039,27.218,25.962,42.970,,,,,,,,,,
,,,,,,,22,Dead,25.758,31.501,28.601,102.005,,,,,,,,,,
,,,,,,,24,Dead,22.994,34.579,26.945,193.217,79.6,,,,,,,,,
,,,,,,,26,Dead,25.787,33.381,29.901,84.589,,,,,,,,,,
,,,,,,,28,Dead,25.768,31.487,28.502,109.181,,,,,,,,,,
,,,,,,,30,Dead,25.534,32.431,28.892,105.390,74.6,,,,,,,,,
Bracken,7,"51.840245, -3.864285",Gentle,South,26-Sep,10:41,0,Dead,25.748,39.678,29.498,271.467,84.4,69.4,13.2,12.4,86.3,12.7,10.4,7.4,4.7,Moderate rain showers whilst collecting
,,,,,,,2,Dead,25.649,37.248,28.211,352.732,,,,,,,,,,
,,,,,,,4,Dead,22.951,36.061,25.787,362.271,,,,,,,,,,
,,,,,,,6,Dead,25.483,36.000,27.836,346.961,TOO WET,,,,,,,,,
,,,,,,,8,Dead,26.016,43.789,29.626,392.327,,,,,,,,,,
,,,,,,,10,Dead,22.964,36.577,26.081,336.734,,,,,,,,,,
,,,,,,,12,Dead,25.641,42.901,29.282,374.046,TOO WET,,,,,,,,,
,,,,,,,14,Dead,23.018,42.142,27.193,358.060,,,,,,,,,,
,,,,,,,16,Dead,25.551,43.908,30.148,299.326,,,,,,,,,,
,,,,,,,18,Dead,25.811,40.902,29.330,328.843,83.6,,,,,,,,,
,,,,,,,20,Dead,25.835,37.220,28.662,302.724,,,,,,,,,,
,,,,,,,22,Dead,23.203,37.318,26.606,314.781,,,,,,,,,,
,,,,,,,24,Dead,23.290,30.115,24.952,310.650,TOO WET,,,,,,,,,
,,,,,,,26,Dead,25.475,43.715,29.740,327.667,,,,,,,,,,
,,,,,,,28,Dead,23.001,31.645,25.619,230.176,,,,,,,,,,
,,,,,,,30,Dead,25.803,33.961,27.72,325.561,85.0,,,,,,,,,
Bracken,8,"51.854718, -3.886245",Steep,North,27-Sep,11:18,0,Dead,25.736,30.669,28.604,72.001,TOO WET,82.8,13.7,13.6,69.9,13.0,8.0,7.4,2.5,Moderate rain overnight
,,,,,,,2,Dead,25.807,37.254,29.237,233.732,,,,,,,,,,
,,,,,,,4,Dead,25.516,34.831,29.423,138.418,,,,,,,,,,
,,,,,,,6,Dead,23.156,27.778,26.115,56.201,TOO WET,,,,,,,,,
,,,,,,,8,Dead,25.867,33.325,28.393,195.249,,,,,,,,,,
,,,,,,,10,Dead,25.642,31.345,27.810,163.054,,,,,,,,,,
,,,,,,,12,Dead,22.899,31.427,25.283,257.718,83.7,,,,,,,,,
,,,,,,,14,Dead,25.950,33.190,28.708,162.509,,,,,,,,,,
,,,,,,,16,Dead,25.501,32.049,28.300,133.941,,,,,,,,,,
,,,,,,,18,Dead,25.612,32.992,28.199,185.273,80.2,,,,,,,,,
,,,,,,,20,Dead,25.425,35.719,28.652,218.996,,,,,,,,,,
,,,,,,,22,Dead,25.722,36.186,28.874,231.980,,,,,,,,,,
,,,,,,,24,Dead,25.635,34.143,29.570,116.213,80.0,,,,,,,,,
,,,,,,,26,Dead,25.830,32.764,29.121,110.696,,,,,,,,,,
,,,,,,,28,Dead,25.748,31.222,27.904,153.896,,,,,,,,,,
,,,,,,,30,Dead,23.079,35.226,26.907,217.320,74.4,,,,,,,,,
Bracken,9,"51.854995, -3.886411",Gentle,North,27-Sep,11:49,0,Dead,25.383,36.568,28.631,244.366,TOO WET,66.5,11.9,11.0,83.6,11.4,8.6,4.3,1.5,Moderate rain overnight
,,,,,,,2,Dead,22.901,36.833,26.863,251.641,,,,,,,,,,
,,,,,,,4,Dead,25.868,35.431,28.770,229.531,,,,,,,,,,
,,,,,,,6,Dead,25.584,38.846,28.788,313.920,TOO WET,,,,,,,,,
,,,,,,,8,Dead,26.000,33.921,28.420,227.314,,,,,,,,,,
,,,,,,,10,Dead,25.778,32.981,29.399,98.923,,,,,,,,,,
,,,,,,,12,Dead,25.699,36.091,28.986,216.155,TOO WET,,,,,,,,,
,,,,,,,14,Dead,23.045,41.971,29.406,197.532,,,,,,,,,,
,,,,,,,16,Dead,23.229,40.939,28.496,236.245,,,,,,,,,,
,,,,,,,18,Dead,22.925,38.439,26.984,282.212,TOO WET,,,,,,,,,
,,,,,,,20,Dead,25.722,34.980,28.302,258.837,,,,,,,,,,
,,,,,,,22,Dead,25.445,33.493,28.591,155.817,,,,,,,,,,
,,,,,,,24,Dead,25.727,34.011,28.652,183.214,TOO WET,,,,,,,,,
,,,,,,,26,Dead,25.600,35.851,28.574,244.687,,,,,,,,,,
,,,,,,,28,Dead,22.951,32.675,26.697,159.584,,,,,,,,,,
,,,,,,,30,Dead,25.671,45.123,30.396,311.683,TOO WET,,,,,,,,,
Grass,10,"51.814952, -3.831495",Steep,South,28-Sep,16:46,0,Dead,23.426,28.072,26.332,59.876,TOO WET,TOO WET,12.5,12.5,78.5,12.2,8.9,1.7,0.9,Light rain early morning
,,,,,,,2,Dead,25.439,30.251,27.930,93.175,,,,,,,,,,
,,,,,,,4,Dead,25.803,27.772,26.976,67.860,,,,,,,,,,
,,,,,,,6,Dead,25.770,29.729,28.490,45.551,TOO WET,,,,,,,,,
,,,,,,,8,Dead,22.990,34.032,27.483,145.760,,,,,,,,,,
,,,,,,,10,Dead,25.871,32.049,29.798,57.321,,,,,,,,,,
,,,,,,,12,Dead,26.060,29.561,28.585,38.653,TOO WET,,,,,,,,,
,,,,,,,14,Dead,25.596,30.970,28.565,81.004,,,,,,,,,,
,,,,,,,16,Dead,25.555,28.866,28.135,28.333,,,,,,,,,,
,,,,,,,18,Dead,23.338,26.047,25.154,49.174,TOO WET,,,,,,,,,
,,,,,,,20,Dead,25.527,31.153,27.931,134.027,,,,,,,,,,
,,,,,,,22,Dead,25.900,30.973,28.405,102.515,,,,,,,,,,
,,,,,,,24,Dead,25.853,29.425,27.851,78.779,TOO WET,,,,,,,,,
,,,,,,,26,Dead,25.758,28.614,27.283,87.279,,,,,,,,,,
,,,,,,,28,Dead,25.810,27.909,27.604,17.001,,,,,,,,,,
,,,,,,,30,Dead,25.484,27.098,26.850,18.155,83.2,,,,,,,,,
Grass,11,"51.820287, -3.818950",Steep,South,28-Sep,17:37,0,Dead,25.611,30.408,27.791,120.046,TOO WET,73.0,10.9,10.9,79.9,10.7,7.6,2.9,1.7,Light rain early morning
,,,,,,,2,Dead,25.887,31.062,28.279,116.346,,,,,,,,,,
,,,,,,,4,Dead,25.915,30.060,28.073,92.076,,,,,,,,,,
,,,,,,,6,Dead,25.487,30.926,27.955,120.381,TOO WET,,,,,,,,,
,,,,,,,8,Dead,22.934,28.440,25.343,128.560,,,,,,,,,,
,,,,,,,10,Dead,23.300,29.858,26.398,111.685,,,,,,,,,,
,,,,,,,12,Dead,22.970,28.961,26.133,89.409,TOO WET,,,,,,,,,
,,,,,,,14,Dead,22.784,26.643,25.058,69.701,,,,,,,,,,
,,,,,,,16,Dead,25.649,29.450,28.298,43.488,,,,,,,,,,
,,,,,,,18,Dead,25.597,31.433,28.713,87.291,TOO WET,,,,,,,,,
,,,,,,,20,Dead,25.464,31.408,27.838,150.379,,,,,,,,,,
,,,,,,,22,Dead,25.642,32.652,29.630,75.777,,,,,,,,,,
,,,,,,,24,Dead,25.449,28.237,27.530,33.974,TOO WET,,,,,,,,,
,,,,,,,26,Dead,25.537,28.073,26.747,109.587,,,,,,,,,,
,,,,,,,28,Dead,25.539,29.532,27.480,105.719,,,,,,,,,,
,,,,,,,30,Dead,22.861,26.343,25.140,52.786,TOO WET,,,,,,,,,
Grass,12,"51.827914, -3.862371",Gentle,South,27-Sep,14:13,0,Dead,25.886,29.383,27.092,189.967,TOO WET,TOO WET,15.2,14.8,56.8,13.6,7.0,6.6,3.1,Light rain early morning
,,,,,,,2,Dead,25.693,27.369,26.546,96.483,,,,,,,,,,
,,,,,,,4,Dead,25.519,32.630,27.718,223.374,,,,,,,,,,
,,,,,,,6,Dead,25.698,27.869,27.104,54.410,TOO WET,,,,,,,,,
,,,,,,,8,Dead,25.546,28.634,26.755,155.418,,,,,,,,,,
,,,,,,,10,Dead,25.827,29.517,27.881,79.649,,,,,,,,,,
,,,,,,,12,Dead,25.598,27.669,26.882,61.293,TOO WET,,,,,,,,,
,,,,,,,14,Dead,25.971,28.635,27.242,109.599,,,,,,,,,,
,,,,,,,16,Dead,25.862,30.286,27.892,117.931,,,,,,,,,,
,,,,,,,18,Dead,25.568,28.858,27.095,115.455,TOO WET,,,,,,,,,
,,,,,,,20,Dead,25.752,27.333,26.904,37.240,,,,,,,,,,
,,,,,,,22,Dead,25.673,27.800,26.677,111.853,,,,,,,,,,
,,,,,,,24,Dead,25.849,28.629,27.278,94.542,TOO WET,,,,,,,,,
,,,,,,,26,Dead,25.601,28.139,26.861,101.429,,,,,,,,,,
,,,,,,,28,Dead,23.018,28.003,25.150,133.818,,,,,,,,,,
,,,,,,,30,Dead,25.415,29.417,27.262,116.676,TOO WET,,,,,,,,,
Grass,13,"51.857850, -3.834975",Gentle,North,27-Sep,15:21,0,Dead,23.044,25.285,24.249,85.975,TOO WET,41.8,9.5,8.2,73.3,9.0,4.7,7.7,3.2,Light rain early morning
,,,,,,,2,Dead,25.567,29.262,27.119,138.080,,,,,,,,,,
,,,,,,,4,Dead,25.782,33.415,28.400,191.558,,,,,,,,,,
,,,,,,,6,Dead,25.561,32.591,28.155,171.010,TOO WET,,,,,,,,,
,,,,,,,8,Dead,25.651,34.684,28.155,260.743,,,,,,,,,,
,,,,,,,10,Dead,25.588,29.436,27.405,111.778,,,,,,,,,,
,,,,,,,12,Dead,25.826,30.175,27.994,100.600,TOO WET,,,,,,,,,
,,,,,,,14,Dead,25.587,28.524,27.187,83.562,,,,,,,,,,
,,,,,,,16,Dead,25.601,28.963,27.011,138.440,,,,,,,,,,
,,,,,,,18,Dead,26.006,29.366,27.650,104.380,TOO WET,,,,,,,,,
,,,,,,,20,Dead,25.603,31.290,28.293,111.413,,,,,,,,,,
,,,,,,,22,Dead,22.973,27.058,24.689,138.054,,,,,,,,,,
,,,,,,,24,Dead,23.171,27.707,25.460,98.165,TOO WET,,,,,,,,,
,,,,,,,26,Dead,25.562,30.637,27.315,189.504,,,,,,,,,,
,,,,,,,28,Dead,25.805,29.493,27.630,102.082,,,,,,,,,,
,,,,,,,30,Dead,25.683,29.360,27.111,157.493,TOO WET,,,,,,,,,
Grass,14,"51.825300, -3.926600",Gentle,South,27-Sep,18:11,0,Dead,25.752,34.003,29.218,138.055,TOO WET,TOO WET,6.9,6.9,92.3,7.0,5.8,3.3,1.8,Light rain showers 30 minutes before
,,,,,,,2,Dead,25.586,30.672,27.707,139.793,,,,,,,,,,
,,,,,,,4,Dead,23.311,27.422,25.693,72.586,,,,,,,,,,
,,,,,,,6,Dead,25.710,30.526,27.398,185.308,TOO WET,,,,,,,,,
,,,,,,,8,Dead,25.508,30.986,27.875,131.432,,,,,,,,,,
,,,,,,,10,Dead,23.003,26.029,24.504,101.599,,,,,,,,,,
,,,,,,,12,Dead,25.473,33.377,28.805,137.215,TOO WET,,,,,,,,,
,,,,,,,14,Dead,25.798,34.255,29.563,124.622,,,,,,,,,,
,,,,,,,16,Dead,25.867,31.443,28.090,150.832,,,,,,,,,,
,,,,,,,18,Dead,25.731,30.533,27.433,182.139,TOO WET,,,,,,,,,
,,,,,,,20,Dead,25.925,31.092,28.512,99.729,,,,,,,,,,
,,,,,,,22,Dead,25.633,31.440,28.030,142.261,,,,,,,,,,
,,,,,,,24,Dead,23.028,26.795,24.736,120.550,TOO WET,,,,,,,,,
,,,,,,,26,Dead,25.897,34.551,29.632,131.700,,,,,,,,,,
,,,,,,,28,Dead,25.718,30.744,27.541,175.699,,,,,,,,,,
,,,,,,,30,Dead,25.517,29.111,27.904,50.566,TOO WET,,,,,,,,,
Grass,15,"51.838985, -3.930113",Steep,South,27-Sep,17:21,0,Dead,25.628,28.707,27.985,30.632,TOO WET,77.5,12.2,11.9,73.4,11.1,7.4,7.6,1.1,Light rain overnight
,,,,,,,2,Dead,25.742,28.262,27.414,50.718,,,,,,,,,,
,,,,,,,4,Dead,25.609,27.587,27.083,34.193,,,,,,,,,,
,,,,,,,6,Dead,25.896,30.566,28.311,93.375,TOO WET,,,,,,,,,
,,,,,,,8,Dead,25.586,31.754,28.594,105.053,,,,,,,,,,
,,,,,,,10,Dead,25.624,27.728,27.080,44.505,,,,,,,,,,
,,,,,,,12,Dead,25.982,30.001,28.701,47.812,69.6,,,,,,,,,
,,,,,,,14,Dead,23.076,26.515,25.396,48.233,,,,,,,,,,
,,,,,,,16,Dead,25.474,29.358,28.175,43.799,,,,,,,,,,
,,,,,,,18,Dead,23.138,25.657,24.704,60.856,TOO WET,,,,,,,,,
,,,,,,,20,Dead,25.569,28.235,27.366,48.358,,,,,,,,,,
,,,,,,,22,Dead,25.923,28.441,27.828,32.178,,,,,,,,,,
,,,,,,,24,Dead,25.625,29.244,28.178,41.755,TOO WET,,,,,,,,,
,,,,,,,26,Dead,26.025,27.646,27.191,39.022,,,,,,,,,,
,,,,,,,28,Dead,23.654,25.541,25.095,30.951,,,,,,,,,,
,,,,,,,30,Dead,22.857,27.316,25.773,52.915,TOO WET,,,,,,,,,
Grass,16,"51.837100, -3.930994",Gentle,North,27-Sep,17:47,0,Dead,25.492,33.589,28.339,184.405,TOO WET,TOO WET,9.6,9.4,83.9,8.8,6.3,2.9,1.7,Light rain showers whilst collecting
,,,,,,,2,Dead,25.818,32.327,29.312,86.291,,,,,,,,,,
,,,,,,,4,Dead,25.461,30.918,29.098,50.041,,,,,,,,,,
,,,,,,,6,Dead,22.978,26.675,25.116,72.919,TOO WET,,,,,,,,,
,,,,,,,8,Dead,25.621,31.183,27.823,152.589,,,,,,,,,,
,,,,,,,10,Dead,25.635,33.195,28.561,158.373,,,,,,,,,,
,,,,,,,12,Dead,25.381,32.985,28.661,131.829,TOO WET,,,,,,,,,
,,,,,,,14,Dead,25.855,34.795,29.749,129.584,,,,,,,,,,
,,,,,,,16,Dead,25.702,31.122,27.890,147.715,,,,,,,,,,
,,,,,,,18,Dead,25.550,30.923,27.957,123.224,TOO WET,,,,,,,,,
,,,,,,,20,Dead,23.066,29.539,25.391,178.409,,,,,,,,,,
,,,,,,,22,Dead,25.691,31.296,28.488,100.393,,,,,,,,,,
,,,,,,,24,Dead,25.484,30.756,28.285,88.218,TOO WET,,,,,,,,,
,,,,,,,26,Dead,25.351,27.896,26.879,66.558,,,,,,,,,,
,,,,,,,28,Dead,25.968,27.986,27.375,43.426,,,,,,,,,,
,,,,,,,30,Dead,25.854,28.666,27.554,65.412,TOO WET,,,,,,,,,
Grass,17,"51.821391, -3.939817",Gentle,South,27-Sep,19:06,0,Dead,22.977,26.853,24.734,120.603,TOO WET,TOO WET,7.0,5.0,91.9,7.2,5.9,6.7,3.7,Light rain showers whilst collecting
,,,,,,,2,Dead,25.900,30.594,28.070,116.313,,,,,,,,,,
,,,,,,,4,Dead,25.459,37.021,28.434,288.639,,,,,,,,,,
,,,,,,,6,Dead,25.901,30.081,27.314,195.824,TOO WET,,,,,,,,,
,,,,,,,8,Dead,25.686,31.394,27.654,190.041,,,,,,,,,,
,,,,,,,10,Dead,25.903,30.291,27.149,252.167,,,,,,,,,,
,,,,,,,12,Dead,25.873,31.966,27.655,241.919,TOO WET,,,,,,,,,
,,,,,,,14,Dead,23.531,29.132,24.890,312.141,,,,,,,,,,
,,,,,,,16,Dead,25.578,32.389,27.254,306.384,,,,,,,,,,
,,,,,,,18,Dead,25.903,30.497,27.422,202.436,TOO WET,,,,,,,,,
,,,,,,,20,Dead,25.822,29.486,27.387,134.121,,,,,,,,,,
,,,,,,,22,Dead,25.826,31.172,27.708,184.060,,,,,,,,,,
,,,,,,,24,Dead,25.642,30.909,28.029,120.654,TOO WET,,,,,,,,,
,,,,,,,26,Dead,25.403,28.450,27.253,64.703,,,,,,,,,,
,,,,,,,28,Dead,25.662,30.154,27.859,104.461,,,,,,,,,,
,,,,,,,30,Dead,25.744,33.036,28.106,208.721,TOO WET,,,,,,,,,
Grass,18,"51.823040, 3.943522",Gentle,North,27-Sep,18:40,0,Dead,22.898,26.598,25.005,75.605,TOO WET,77.2,6.4,4.3,93.6,6.7,5.7,5.5,3.6,Light rain showers hour before
,,,,,,,2,Dead,25.834,28.736,27.215,110.138,,,,,,,,,,
,,,,,,,4,Dead,25.589,29.191,27.465,92.004,,,,,,,,,,
,,,,,,,6,Dead,22.939,26.690,24.277,180.344,TOO WET,,,,,,,,,
,,,,,,,8,Dead,25.443,27.886,26.559,118.907,,,,,,,,,,
,,,,,,,10,Dead,25.586,29.957,27.681,108.640,,,,,,,,,,
,,,,,,,12,Dead,25.710,29.932,27.441,143.905,TOO WET,,,,,,,,,
,,,,,,,14,Dead,25.510,27.406,26.603,73.468,,,,,,,,,,
,,,,,,,16,Dead,25.883,27.869,26.759,126.712,,,,,,,,,,
,,,,,,,18,Dead,25.463,29.151,26.953,147.517,TOO WET,,,,,,,,,
,,,,,,,20,Dead,25.782,28.808,27.244,106.977,,,,,,,,,,
,,,,,,,22,Dead,26.056,29.704,27.688,123.529,,,,,,,,,,
,,,,,,,24,Dead,25.687,28.849,27.078,127.318,TOO WET,,,,,,,,,
,,,,,,,26,Dead,25.843,29.210,27.487,104.805,,,,,,,,,,
,,,,,,,28,Dead,25.572,30.545,27.703,133.365,,,,,,,,,,
,,,,,,,30,Dead,25.839,30.974,28.557,88.926,TOO WET,,,,,,,,,
Gorse,19,"51.928100, -3.735660",Steep,South,28-Sep,12:07,0,Live,25.686,33.704,29.341,119.371,52.4,48.0,14.3,13.3,80.8,12.6,9.9,1.9,1.4,Light rain overnight
,,,,,,,,Dead,25.761,33.204,30.157,69.313,,,,,,,,,,
,,,,,,,2,Live,23.032,30.498,26.361,124.272,,,,,,,,,,
,,,,,,,,Dead,25.559,31.951,29.837,49.416,,,,,,,,,,
,,,,,,,4,Live,26.020,35.338,30.182,123.883,,,,,,,,,,
,,,,,,,,Dead,22.871,28.394,27.239,26.442,,,,,,,,,,
,,,,,,,6,Live,25.627,33.654,29.290,119.137,66.6,,,,,,,,,
,,,,,,,,Dead,28.508,33.434,32.416,26.049,,,,,,,,,,
,,,,,,,8,Live,26.120,34.849,30.041,122.622,,,,,,,,,,
,,,,,,,,Dead,25.861,31.010,29.461,43.028,,,,,,,,,,
,,,,,,,10,Live,25.608,32.702,28.556,140.638,,,,,,,,,,
,,,,,,,,Dead,25.590,31.134,29.818,31.126,,,,,,,,,,
,,,,,,,12,Live,25.567,34.159,29.284,131.154,57.5,,,,,,,,,
,,,,,,,,Dead,23.078,28.740,26.990,44.734,,,,,,,,,,
,,,,,,,14,Live,22.856,29.886,26.109,116.108,,,,,,,,,,
,,,,,,,,Dead,25.909,31.371,30.431,20.787,,,,,,,,,,
,,,,,,,16,Live,25.549,33.722,29.265,119.941,,,,,,,,,,
,,,,,,,,Dead,25.458,31.912,30.346,32.038,,,,,,,,,,
,,,,,,,18,Live,25.830,34.664,29.902,116.945,66.0,,,,,,,,,
,,,,,,,,Dead,25.753,32.775,31.176,29.486,,,,,,,,,,
,,,,,,,20,Live,25.963,32.824,28.931,131.166,,,,,,,,,,
,,,,,,,,Dead,22.889,27.505,26.688,21.506,,,,,,,,,,
,,,,,,,22,Live,23.299,32.275,27.163,132.298,,,,,,,,,,
,,,,,,,,Dead,25.431,31.362,29.826,34.949,,,,,,,,,,
,,,,,,,24,Live,25.615,34.508,29.565,125.139,52.3,,,,,,,,,
,,,,,,,,Dead,25.951,32.161,30.658,31.931,,,,,,,,,,
,,,,,,,26,Live,23.156,32.079,26.954,134.939,,,,,,,,,,
,,,,,,,,Dead,25.369,31.284,30.084,25.451,,,,,,,,,,
,,,,,,,28,Live,25.794,33.572,29.131,133.084,,,,,,,,,,
,,,,,,,,Dead,25.818,32.131,30.893,24.394,,,,,,,,,,
,,,,,,,30,Live,25.991,34.725,29.574,143.762,73.6,,,,,,,,,
,,,,,,,,Dead,25.514,31.978,30.430,31.489,,,,,,,,,,
Gorse,20,"51.928186, -3.735749",Gentle,South,28-Sep,11:38,0,Live,25.551,32.89,28.802,125.746,52.4,53.7,11.7,11.7,84.3,11.4,8.6,3.6,1.8,Light rain overnight
,,,,,,,,Dead,25.656,30.281,29.222,29.697,,,,,,,,,,
,,,,,,,2,Live,25.572,32.356,28.533,129.112,,,,,,,,,,
,,,,,,,,Dead,25.842,29.058,27.937,53.508,,,,,,,,,,
,,,,,,,4,Live,25.45,30.634,27.696,130.810,,,,,,,,,,
,,,,,,,,Dead,25.56,30.808,28.679,68.259,,,,,,,,,,
,,,,,,,6,Live,25.581,34.425,29.509,125.153,77.8,,,,,,,,,
,,,,,,,,Dead,25.764,32.204,30.717,30.022,,,,,,,,,,
,,,,,,,8,Live,23.291,31.165,26.814,123.503,,,,,,,,,,
,,,,,,,,Dead,25.958,32.804,31.316,27.772,,,,,,,,,,
,,,,,,,10,Live,25.528,33.892,29.175,129.339,,,,,,,,,,
,,,,,,,,Dead,25.6,31.218,29.854,32.064,,,,,,,,,,
,,,,,,,12,Live,25.586,33.391,28.92,134.103,65.0,,,,,,,,,
,,,,,,,,Dead,25.496,32.564,30.85,32.013,,,,,,,,,,
,,,,,,,14,Live,25.747,33.929,29.177,138.542,,,,,,,,,,
,,,,,,,,Dead,25.838,31.756,29.848,47.581,,,,,,,,,,
,,,,,,,16,Live,23.017,29.236,25.708,131.104,,,,,,,,,,
,,,,,,,,Dead,25.828,34.332,30.998,64.487,,,,,,,,,,
,,,,,,,18,Live,25.901,36.873,30.602,133.397,52.6,,,,,,,,,
,,,,,,,,Dead,23.068,27.261,25.481,73.767,,,,,,,,,,
,,,,,,,20,Live,25.77,33.499,29.227,123.575,,,,,,,,,,
,,,,,,,,Dead,25.91,32.174,29.97,54.286,,,,,,,,,,
,,,,,,,22,Live,22.931,29.002,25.773,113.617,,,,,,,,,,
,,,,,,,,Dead,25.63,29.057,27.605,73.519,,,,,,,,,,
,,,,,,,24,Live,25.767,33.974,29.303,132.098,72.9,,,,,,,,,
,,,,,,,,Dead,22.845,26.127,25.284,34.563,,,,,,,,,,
,,,,,,,26,Live,25.945,34.874,29.794,131.982,,,,,,,,,,
,,,,,,,,Dead,25.824,30.436,28.51,71.705,,,,,,,,,,
,,,,,,,28,Live,22.897,28.431,25.276,132.619,,,,,,,,,,
,,,,,,,,Dead,25.913,30.177,29.067,35.193,,,,,,,,,,
,,,,,,,30,Live,25.704,30.615,27.819,132.199,60.2,,,,,,,,,
,,,,,,,,Dead,23.219,33.45,30.282,44.853,,,,,,,,,,
Gorse,21,"51.922057, 3.749702",Gentle,South,28-Sep,12:58,0,Live,23.606,31.280,27.033,123.928,TOO WET,63.2,12.9,12.7,75.5,11.9,8.0,2.6,2.2,Light rain overnight
,,,,,,,,Dead,25.579,30.294,29.545,18.886,,,,,,,,,,
,,,,,,,2,Live,25.346,32.715,28.678,121.158,,,,,,,,,,
,,,,,,,,Dead,26.098,30.232,29.169,34.614,,,,,,,,,,
,,,,,,,4,Live,25.643,33.375,29.040,127.613,,,,,,,,,,
,,,,,,,,Dead,25.648,30.324,28.820,47.415,,,,,,,,,,
,,,,,,,6,Live,25.739,33.790,29.167,134.860,74.8,,,,,,,,,
,,,,,,,,Dead,23.159,28.613,27.282,32.282,,,,,,,,,,
,,,,,,,8,Live,25.144,34.224,29.492,108.832,,,,,,,,,,
,,,,,,,,Dead,25.620,29.639,28.905,22.344,,,,,,,,,,
,,,,,,,10,Live,22.887,31.821,26.855,125.151,,,,,,,,,,
,,,,,,,,Dead,25.605,31.137,29.734,33.979,,,,,,,,,,
,,,,,,,12,Live,25.741,33.684,29.208,129.103,64.2,,,,,,,,,
,,,,,,,,Dead,25.814,32.676,31.497,20.746,,,,,,,,,,
,,,,,,,14,Live,25.961,35.340,29.969,134.007,,,,,,,,,,
,,,,,,,,Dead,25.670,31.979,30.714,25.079,,,,,,,,,,
,,,,,,,16,Live,25.770,31.850,28.530,120.290,,,,,,,,,,
,,,,,,,,Dead,25.723,31.246,30.038,27.995,,,,,,,,,,
,,,,,,,18,Live,22.855,30.024,26.180,115.609,TOO WET,,,,,,,,,
,,,,,,,,Dead,25.723,31.000,29.881,26.912,,,,,,,,,,
,,,,,,,20,Live,25.788,33.524,29.243,123.907,,,,,,,,,,
,,,,,,,,Dead,23.068,29.630,27.902,35.747,,,,,,,,,,
,,,,,,,22,Live,22.954,33.760,27.667,129.281,,,,,,,,,,
,,,,,,,,Dead,25.906,32.880,31.440,26.021,,,,,,,,,,
,,,,,,,24,Live,25.809,33.328,29.141,125.660,73.3,,,,,,,,,
,,,,,,,,Dead,25.444,33.470,31.897,24.376,,,,,,,,,,
,,,,,,,26,Live,25.581,35.479,29.943,126.914,,,,,,,,,,
,,,,,,,,Dead,25.564,30.889,29.751,27.179,,,,,,,,,,
,,,,,,,28,Live,25.618,34.107,29.161,139.599,,,,,,,,,,
,,,,,,,,Dead,25.666,31.170,30.235,20.464,,,,,,,,,,
,,,,,,,30,Live,25.457,37.260,30.562,131.205,75.3,,,,,,,,,
,,,,,,,,Dead,25.868,32.828,31.351,26.938,,,,,,,,,,
Gorse,22,"51.923245, -3.746121",Gentle,North,28-Sep,13:35,0,Live,23.085,31.282,26.737,124.452,64.0,44.8,11.5,11.5,72.9,11.8,7.4,3.8,2.0,Light rain overnight
,,,,,,,,Dead,25.982,30.102,29.159,29.682,,,,,,,,,,
,,,,,,,2,Live,25.558,33.519,29.134,122.623,,,,,,,,,,
,,,,,,,,Dead,25.498,29.676,28.521,38.207,,,,,,,,,,
,,,,,,,4,Live,25.474,33.382,29.025,122.698,,,,,,,,,,
,,,,,,,,Dead,25.881,30.334,29.114,37.736,,,,,,,,,,
,,,,,,,6,Live,25.487,33.367,28.940,128.207,TOO WET,,,,,,,,,
,,,,,,,,Dead,25.532,29.386,28.464,31.446,,,,,,,,,,
,,,,,,,8,Live,25.582,33.284,28.766,141.897,,,,,,,,,,
,,,,,,,,Dead,25.920,32.217,29.336,84.338,,,,,,,,,,
,,,,,,,10,Live,25.880,35.318,29.748,144.002,,,,,,,,,,
,,,,,,,,Dead,22.896,28.437,26.926,37.494,,,,,,,,,,
,,,,,,,12,Live,23.259,29.707,25.944,140.149,TOO WET,,,,,,,,,
,,,,,,,,Dead,25.615,31.432,29.433,52.357,,,,,,,,,,
,,,,,,,14,Live,25.720,35.081,29.403,154.168,,,,,,,,,,
,,,,,,,,Dead,22.973,27.092,26.057,33.560,,,,,,,,,,
,,,,,,,16,Live,25.548,34.568,29.445,131.460,,,,,,,,,,
,,,,,,,,Dead,25.576,31.363,29.785,37.491,,,,,,,,,,
,,,,,,,18,Live,25.389,34.244,28.900,152.207,73.6,,,,,,,,,
,,,,,,,,Dead,25.452,34.076,30.832,60.297,,,,,,,,,,
,,,,,,,20,Live,25.651,32.872,28.822,127.720,,,,,,,,,,
,,,,,,,,Dead,25.688,31.007,30.103,20.476,,,,,,,,,,
,,,,,,,22,Live,25.846,34.702,29.701,129.728,,,,,,,,,,
,,,,,,,,Dead,25.602,33.086,31.616,24.443,,,,,,,,,,
,,,,,,,24,Live,25.636,33.454,29.175,120.910,TOO WET,,,,,,,,,
,,,,,,,,Dead,23.236,27.841,27.162,17.295,,,,,,,,,,
,,,,,,,26,Live,25.617,33.527,29.116,126.065,,,,,,,,,,
,,,,,,,,Dead,25.958,31.078,29.897,29.982,,,,,,,,,,
,,,,,,,28,Live,25.704,36.931,30.482,134.973,,,,,,,,,,
,,,,,,,,Dead,25.677,30.314,29.635,17.155,,,,,,,,,,
,,,,,,,30,Live,22.977,32.809,27.148,135.723,TOO WET,,,,,,,,,
,,,,,,,,Dead,25.570,32.276,30.904,25.722,,,,,,,,,,
Gorse,23,"51.900459, -3.734786",Steep,South,28-Sep,09:17,0,Live,26.022,35.863,30.375,126.074,79.7,54.4,9.3,7.9,91.3,9.6,8.2,4.7,3.3,Light rain overnight
,,,,,,,,Dead,23.513,28.771,26.403,81.938,,,,,,,,,,
,,,,,,,2,Live,25.755,36.171,30.293,129.528,,,,,,,,,,
,,,,,,,,Dead,22.916,29.084,26.162,90.018,,,,,,,,,,
,,,,,,,4,Live,22.972,35.316,27.793,156.046,,,,,,,,,,
,,,,,,,,Dead,26.045,31.253,28.797,89.244,,,,,,,,,,
,,,,,,,6,Live,25.572,40.201,31.545,144.919,TOO WET,,,,,,,,,
,,,,,,,,Dead,25.886,31.321,29.170,65.499,,,,,,,,,,
,,,,,,,8,Live,25.556,34.388,28.990,157.193,,,,,,,,,,
,,,,,,,,Dead,25.630,32.635,29.248,93.615,,,,,,,,,,
,,,,,,,10,Live,25.615,34.495,29.444,131.914,,,,,,,,,,
,,,,,,,,Dead,25.398,31.415,28.411,99.701,,,,,,,,,,
,,,,,,,12,Live,25.449,37.549,30.597,135.043,83.8,,,,,,,,,
,,,,,,,,Dead,25.717,32.782,29.427,90.431,,,,,,,,,,
,,,,,,,14,Live,25.748,34.116,29.201,142.340,,,,,,,,,,
,,,,,,,,Dead,23.117,28.041,26.379,50.950,,,,,,,,,,
,,,,,,,16,Live,25.554,35.832,29.856,138.912,,,,,,,,,,
,,,,,,,,Dead,25.869,33.263,30.399,63.223,,,,,,,,,,
,,,,,,,18,Live,25.959,37.144,30.496,146.529,59.4,,,,,,,,,
,,,,,,,,Dead,25.814,29.918,29.255,19.268,,,,,,,,,,
,,,,,,,20,Live,25.572,35.534,29.789,136.234,,,,,,,,,,
,,,,,,,,Dead,25.746,32.104,29.530,68.023,,,,,,,,,,
,,,,,,,22,Live,25.758,43.193,32.700,151.152,,,,,,,,,,
,,,,,,,,Dead,22.789,30.004,27.298,60.013,,,,,,,,,,
,,,,,,,24,Live,25.649,34.874,29.255,155.824,56.4,,,,,,,,,
,,,,,,,,Dead,22.860,28.501,26.638,49.312,,,,,,,,,,
,,,,,,,26,Live,25.654,32.036,28.328,138.669,,,,,,,,,,
,,,,,,,,Dead,26.007,38.249,32.945,76.449,,,,,,,,,,
,,,,,,,28,Live,25.584,33.387,28.963,130.926,,,,,,,,,,
,,,,,,,,Dead,25.726,33.719,30.480,68.132,,,,,,,,,,
,,,,,,,30,Live,26.081,34.291,29.589,134.036,76.4,,,,,,,,,
,,,,,,,,Dead,23.183,28.410,26.936,39.275,,,,,,,,,,
Gorse,24,"51.814200, 3.828900",Gentle,South,28-Sep,15:21,0,Live,25.671,32.706,28.569,142.754,TOO WET,41.8,12.7,12.5,75.5,11.9,8.1,3.8,2.6,Light rain early morning
,,,,,,,,Dead,25.720,29.950,29.298,18.222,,,,,,,,,,
,,,,,,,2,Live,25.611,36.582,30.049,147.206,,,,,,,,,,
,,,,,,,,Dead,25.557,32.697,31.817,14.058,,,,,,,,,,
,,,,,,,4,Live,25.501,35.339,29.420,151.033,,,,,,,,,,
,,,,,,,,Dead,25.940,34.598,31.370,59.448,,,,,,,,,,
,,,,,,,6,Live,25.871,41.118,32.013,148.242,70.4,,,,,,,,,
,,,,,,,,Dead,25.593,30.010,29.525,12.335,,,,,,,,,,
,,,,,,,8,Live,25.917,38.589,30.711,164.330,,,,,,,,,,
,,,,,,,,Dead,25.916,29.097,28.666,15.673,,,,,,,,,,
,,,,,,,10,Live,25.641,37.683,30.228,162.525,,,,,,,,,,
,,,,,,,,Dead,25.878,29.980,29.444,15.031,,,,,,,,,,
,,,,,,,12,Live,25.645,35.373,29.151,177.467,60.7,,,,,,,,,
,,,,,,,,Dead,22.843,25.752,25.237,21.512,,,,,,,,,,
,,,,,,,14,Live,25.518,36.166,29.496,167.672,,,,,,,,,,
,,,,,,,,Dead,25.499,30.395,29.507,22.156,,,,,,,,,,
,,,,,,,16,Live,25.610,33.651,28.616,167.498,,,,,,,,,,
,,,,,,,,Dead,23.301,30.658,29.686,15.223,,,,,,,,,,
,,,,,,,18,Live,25.532,38.111,30.168,171.333,58.4,,,,,,,,,
,,,,,,,,Dead,25.415,29.302,28.668,19.490,,,,,,,,,,
,,,,,,,20,Live,23.667,33.328,27.568,147.654,,,,,,,,,,
,,,,,,,,Dead,25.534,32.696,30.859,34.498,,,,,,,,,,
,,,,,,,22,Live,25.701,37.052,30.195,152.581,,,,,,,,,,
,,,,,,,,Dead,23.042,27.910,27.260,15.410,,,,,,,,,,
,,,,,,,24,Live,25.400,36.079,30.004,131.950,66.0,,,,,,,,,
,,,,,,,,Dead,25.656,29.931,29.026,26.855,,,,,,,,,,
,,,,,,,26,Live,25.582,37.739,30.392,152.744,,,,,,,,,,
,,,,,,,,Dead,25.642,30.087,29.568,13.220,,,,,,,,,,
,,,,,,,28,Live,23.090,34.471,27.535,156.040,,,,,,,,,,
,,,,,,,,Dead,22.864,28.492,27.430,23.259,,,,,,,,,,
,,,,,,,30,Live,25.549,35.869,29.631,152.817,81.6,,,,,,,,,
,,,,,,,,Dead,25.710,29.038,28.598,15.235,,,,,,,,,,
Gorse,25,"51.813700, 3.831500",Steep,South,28-Sep,16:02,0,Live,22.809,36.623,28.152,158.544,73.0,42.7,14.2,14.2,71.8,13.6,9.1,3.8,0.6,Light rain early morning
,,,,,,,,Dead,25.628,29.488,28.881,18.660,,,,,,,,,,
,,,,,,,2,Live,25.545,35.318,29.217,166.149,,,,,,,,,,
,,,,,,,,Dead,25.667,32.648,31.705,15.618,,,,,,,,,,
,,,,,,,4,Live,22.952,31.595,26.739,128.228,,,,,,,,,,
,,,,,,,,Dead,25.436,29.618,28.908,20.449,,,,,,,,,,
,,,,,,,6,Live,25.910,38.532,30.450,178.018,45.0,,,,,,,,,
,,,,,,,,Dead,25.560,32.228,30.881,25.315,,,,,,,,,,
,,,,,,,8,Live,25.648,36.350,29.737,161.727,,,,,,,,,,
,,,,,,,,Dead,22.940,28.399,27.720,14.205,,,,,,,,,,
,,,,,,,10,Live,23.243,36.238,27.903,178.863,,,,,,,,,,
,,,,,,,,Dead,25.808,29.306,28.617,24.528,,,,,,,,,,
,,,,,,,12,Live,25.626,37.702,30.305,158.089,60.0,,,,,,,,,
,,,,,,,,Dead,25.660,30.577,29.296,35.231,,,,,,,,,,
,,,,,,,14,Live,25.843,39.127,30.796,168.201,,,,,,,,,,
,,,,,,,,Dead,25.858,30.370,29.548,22.276,,,,,,,,,,
,,,,,,,16,Live,23.263,31.493,26.201,180.123,,,,,,,,,,
,,,,,,,,Dead,23.045,27.533,26.976,14.169,,,,,,,,,,
,,,,,,,18,Live,22.986,31.447,26.372,149.882,69.0,,,,,,,,,
,,,,,,,,Dead,25.698,30.044,29.464,15.401,,,,,,,,,,
,,,,,,,20,Live,25.536,35.127,29.104,168.806,,,,,,,,,,
,,,,,,,,Dead,25.559,28.802,28.382,14.878,,,,,,,,,,
,,,,,,,22,Live,25.611,34.659,29.108,158.736,,,,,,,,,,
,,,,,,,,Dead,25.374,29.411,28.843,16.374,,,,,,,,,,
,,,,,,,24,Live,25.703,34.728,29.629,129.878,66.0,,,,,,,,,
,,,,,,,,Dead,25.753,30.240,29.710,13.394,,,,,,,,,,
,,,,,,,26,Live,23.125,32.576,26.961,146.376,,,,,,,,,,
,,,,,,,,Dead,25.683,30.081,29.528,14.382,,,,,,,,,,
,,,,,,,28,Live,25.834,35.142,29.601,147.093,,,,,,,,,,
,,,,,,,,Dead,25.608,30.887,30.312,12.224,,,,,,,,,,
,,,,,,,30,Live,25.753,37.860,30.356,163.024,43.8,,,,,,,,,
,,,,,,,,Dead,25.957,30.801,29.806,25.851,,,,,,,,,,
Gorse,26,"51.870120, -3.828303",Gentle,North,29-Sep,09:17,0,Live,25.860,35.527,30.107,127.619,77.6,53.0,10.6,8.8,85.3,10.5,8.2,6.8,4.7,Light rain previous morning
,,,,,,,,Dead,22.855,28.698,27.714,20.251,,,,,,,,,,
,,,,,,,2,Live,25.741,36.025,30.369,122.213,,,,,,,,,,
,,,,,,,,Dead,23.286,29.023,28.106,19.025,,,,,,,,,,
,,,,,,,4,Live,25.594,36.178,30.017,139.295,,,,,,,,,,
,,,,,,,,Dead,25.539,31.777,30.819,18.144,,,,,,,,,,
,,,,,,,6,Live,25.463,34.230,29.492,117.597,TOO WET,,,,,,,,,
,,,,,,,,Dead,22.980,31.102,29.792,19.231,,,,,,,,,,
,,,,,,,8,Live,25.427,35.590,30.058,119.456,,,,,,,,,,
,,,,,,,,Dead,25.361,30.104,29.198,23.612,,,,,,,,,,
,,,,,,,10,Live,25.559,34.764,29.869,113.573,,,,,,,,,,
,,,,,,,,Dead,23.162,30.856,29.717,17.376,,,,,,,,,,
,,,,,,,12,Live,25.615,38.773,31.588,120.291,TOO WET,,,,,,,,,
,,,,,,,,Dead,25.809,31.828,30.878,18.741,,,,,,,,,,
,,,,,,,14,Live,25.525,34.822,29.539,131.614,,,,,,,,,,
,,,,,,,,Dead,25.908,32.808,31.587,21.500,,,,,,,,,,
,,,,,,,16,Live,25.536,37.607,30.942,123.289,,,,,,,,,,
,,,,,,,,Dead,25.633,31.660,30.716,18.572,,,,,,,,,,
,,,,,,,18,Live,25.615,35.532,30.145,118.918,TOO WET,,,,,,,,,
,,,,,,,,Dead,26.002,32.575,30.213,56.091,,,,,,,,,,
,,,,,,,20,Live,25.473,36.831,30.424,129.408,,,,,,,,,,
,,,,,,,,Dead,25.455,31.028,30.115,19.592,,,,,,,,,,
,,,,,,,22,Live,25.877,36.316,30.465,127.528,,,,,,,,,,
,,,,,,,,Dead,25.618,31.474,30.536,19.073,,,,,,,,,,
,,,,,,,24,Live,25.907,39.796,31.927,130.714,TOO WET,,,,,,,,,
,,,,,,,,Dead,22.982,31.600,30.355,16.886,,,,,,,,,,
,,,,,,,26,Live,23.342,36.389,29.223,121.850,,,,,,,,,,
,,,,,,,,Dead,25.392,33.894,31.213,46.057,,,,,,,,,,
,,,,,,,28,Live,25.796,35.558,30.086,127.552,,,,,,,,,,
,,,,,,,,Dead,23.290,30.404,29.234,19.684,,,,,,,,,,
,,,,,,,30,Live,25.596,40.877,32.537,120.156,TOO WET,,,,,,,,,
,,,,,,,,Dead,25.720,31.599,30.718,17.627,,,,,,,,,,
Gorse,27,"51.863097, -3.848378",Gentle,North,29-Sep,11:28,0,Live,25.711,40.618,32.138,131.943,TOO WET,55.8,12.6,11.3,75.7,12.4,8.6,10.5,5.6,Light rain previous morning
,,,,,,,,Dead,23.563,28.263,27.552,17.824,,,,,,,,,,
,,,,,,,2,Live,25.744,40.062,31.787,136.935,,,,,,,,,,
,,,,,,,,Dead,25.573,30.902,30.116,17.301,,,,,,,,,,
,,,,,,,4,Live,25.728,35.967,30.184,129.780,,,,,,,,,,
,,,,,,,,Dead,25.675,31.232,30.487,15.482,,,,,,,,,,
,,,,,,,6,Live,25.540,37.591,31.016,120.069,TOO WET,,,,,,,,,
,,,,,,,,Dead,25.464,30.424,29.776,15.028,,,,,,,,,,
,,,,,,,8,Live,25.506,33.921,29.515,109.903,,,,,,,,,,
,,,,,,,,Dead,25.785,30.882,30.145,16.904,,,,,,,,,,
,,,,,,,10,Live,25.558,37.679,30.756,133.186,,,,,,,,,,
,,,,,,,,Dead,25.611,32.788,31.790,16.151,,,,,,,,,,
,,,,,,,12,Live,25.466,37.822,31.000,123.274,79.2,,,,,,,,,
,,,,,,,,Dead,25.534,31.436,30.498,18.896,,,,,,,,,,
,,,,,,,14,Live,25.582,37.904,31.024,126.424,,,,,,,,,,
,,,,,,,,Dead,22.779,28.377,27.426,20.465,,,,,,,,,,
,,,,,,,16,Live,25.916,38.727,31.943,112.560,,,,,,,,,,
,,,,,,,,Dead,25.685,30.666,30.006,15.274,,,,,,,,,,
,,,,,,,18,Live,25.533,37.838,29.856,184.640,69.0,,,,,,,,,
,,,,,,,,Dead,25.594,30.789,29.922,20.032,,,,,,,,,,
,,,,,,,20,Live,25.653,37.912,30.723,141.795,,,,,,,,,,
,,,,,,,,Dead,25.631,31.174,30.438,15.311,,,,,,,,,,
,,,,,,,22,Live,25.730,36.891,30.556,131.268,,,,,,,,,,
,,,,,,,,Dead,25.685,32.490,31.510,16.824,,,,,,,,,,
,,,,,,,24,Live,25.695,37.137,30.644,131.198,TOO WET,,,,,,,,,
,,,,,,,,Dead,26.010,32.589,31.751,14.597,,,,,,,,,,
,,,,,,,26,Live,25.629,36.151,30.285,125.988,,,,,,,,,,
,,,,,,,,Dead,25.669,31.856,30.823,20.043,,,,,,,,,,
,,,,,,,28,Live,25.545,36.524,30.374,127.356,,,,,,,,,,
,,,,,,,,Dead,25.515,31.977,30.843,21.284,,,,,,,,,,
,,,,,,,30,Live,25.551,37.583,30.846,127.233,62.8,,,,,,,,,
,,,,,,,,Dead,25.958,34.296,33.083,17.025,,,,,,,,,,
Heather,28,"51.840750, -3.917750",Steep,North,26-Sep,12:48,0,Live,25.857,34.641,28.648,214.726,TOO WET,61.4,15.3,15.2,95.0,15.5,14.2,5.2,2.4,Light rain showers whilst collecting
,,,,,,,,Dead,25.701,29.992,27.478,141.474,,,,,,,,,,
,,,,,,,2,Live,25.504,40.816,29.628,271.290,,,,,,,,,,
,,,,,,,,Dead,23.130,27.296,25.216,99.712,,,,,,,,,,
,,,,,,,4,Live,25.383,44.830,30.762,261.536,,,,,,,,,,
,,,,,,,,Dead,25.751,31.518,28.888,83.838,,,,,,,,,,
,,,,,,,6,Live,25.405,41.817,30.460,224.669,62.1,,,,,,,,,
,,,,,,,,Dead,23.160,27.222,25.330,87.189,,,,,,,,,,
,,,,,,,8,Live,25.937,40.861,31.377,174.338,,,,,,,,,,
,,,,,,,,Dead,22.926,35.313,27.266,185.415,,,,,,,,,,
,,,,,,,10,Live,25.576,47.202,31.030,296.516,,,,,,,,,,
,,,,,,,,Dead,25.813,30.568,27.952,122.300,,,,,,,,,,
,,,,,,,12,Live,25.543,41.884,31.054,196.516,TOO WET,,,,,,,,,
,,,,,,,,Dead,25.832,29.744,27.814,97.376,,,,,,,,,,
,,,,,,,14,Live,25.838,34.182,28.791,182.560,,,,,,,,,,
,,,,,,,,Dead,22.843,27.129,25.177,83.633,,,,,,,,,,
,,,,,,,16,Live,25.784,40.399,29.645,278.529,,,,,,,,,,
,,,,,,,,Dead,25.716,29.812,27.856,91.402,,,,,,,,,,
,,,,,,,18,Live,25.658,46.067,31.155,271.275,55.8,,,,,,,,,
,,,,,,,,Dead,25.749,30.064,28.000,91.693,,,,,,,,,,
,,,,,,,20,Live,25.651,37.047,29.711,180.690,,,,,,,,,,
,,,,,,,,Dead,23.189,36.043,27.218,219.037,,,,,,,,,,
,,,,,,,22,Live,28.510,38.989,32.067,194.602,,,,,,,,,,
,,,,,,,,Dead,25.471,31.251,27.731,155.752,,,,,,,,,,
,,,,,,,24,Live,25.495,47.603,32.467,217.097,TOO WET,,,,,,,,,
,,,,,,,,Dead,25.673,31.214,27.950,143.347,,,,,,,,,,
,,,,,,,26,Live,25.595,35.538,29.228,173.686,,,,,,,,,,
,,,,,,,,Dead,22.946,28.436,25.298,133.418,,,,,,,,,,
,,,,,,,28,Live,25.409,40.253,29.967,225.669,,,,,,,,,,
,,,,,,,,Dead,23.073,27.256,25.411,78.914,,,,,,,,,,
,,,,,,,30,Live,25.756,42.326,31.140,207.764,TOO WET,,,,,,,,,
,,,,,,,,Dead,23.292,27.260,25.502,79.548,,,,,,,,,,
Heather,29,"51.841058, -3.919614",Gentle,North,26-Sep,13:45,0,Live,25.743,42.514,32.773,138.563,TOO WET,TOO WET,14.3,14.2,90.6,14.5,12.7,5.3,2.3,Light rain showers whilst collecting
,,,,,,,,Dead,25.713,31.264,27.962,146.821,,,,,,,,,,
,,,,,,,2,Live,25.521,34.881,29.528,133.591,,,,,,,,,,
,,,,,,,,Dead,25.682,30.029,27.722,113.088,,,,,,,,,,
,,,,,,,4,Live,25.899,33.991,29.381,132.395,,,,,,,,,,
,,,,,,,,Dead,25.890,27.907,27.100,66.694,,,,,,,,,,
,,,,,,,6,Live,23.080,37.328,28.048,186.795,TOO WET,,,,,,,,,
,,,,,,,,Dead,25.701,28.580,27.371,72.395,,,,,,,,,,
,,,,,,,8,Live,25.598,37.236,30.545,135.254,,,,,,,,,,
,,,,,,,,Dead,23.136,26.446,24.743,105.974,,,,,,,,,,
,,,,,,,10,Live,25.633,35.570,29.445,160.677,,,,,,,,,,
,,,,,,,,Dead,22.890,26.756,25.048,79.147,,,,,,,,,,
,,,,,,,12,Live,22.927,31.534,26.380,149.262,TOO WET,,,,,,,,,
,,,,,,,,Dead,25.715,29.606,27.862,81.230,,,,,,,,,,
,,,,,,,14,Live,26.075,38.922,31.990,117.194,,,,,,,,,,
,,,,,,,,Dead,22.935,27.172,24.905,115.076,,,,,,,,,,
,,,,,,,16,Live,25.668,36.554,30.252,137.478,,,,,,,,,,
,,,,,,,,Dead,23.148,29.999,25.622,176.920,,,,,,,,,,
,,,,,,,18,Live,25.606,36.527,30.559,120.493,TOO WET,,,,,,,,,
,,,,,,,,Dead,25.393,28.286,27.383,45.377,,,,,,,,,,
,,,,,,,20,Live,25.496,40.307,31.300,155.186,,,,,,,,,,
,,,,,,,,Dead,23.029,25.167,24.681,29.419,,,,,,,,,,
,,,,,,,22,Live,25.739,43.209,32.183,171.105,,,,,,,,,,
,,,,,,,,Dead,25.856,28.938,27.605,76.215,,,,,,,,,,
,,,,,,,24,Live,25.541,42.249,31.877,163.699,TOO WET,,,,,,,,,
,,,,,,,,Dead,25.755,28.438,27.336,69.703,,,,,,,,,,
,,,,,,,26,Live,25.603,38.633,31.422,123.922,,,,,,,,,,
,,,,,,,,Dead,25.948,30.315,28.662,60.906,,,,,,,,,,
,,,,,,,28,Live,25.583,36.495,30.384,127.286,,,,,,,,,,
,,,,,,,,Dead,25.612,30.339,29.073,36.579,,,,,,,,,,
,,,,,,,30,Live,25.532,32.830,29.163,100.991,TOO WET,,,,,,,,,
,,,,,,,,Dead,25.767,29.433,28.607,29.085,,,,,,,,,,
Heather,30,"51.854401, 3.874417",Steep,North,25-Sep,16:20,0,Live,25.604,45.952,32.103,213.094,TOO WET,56.5,12.8,12.7,98.5,13.4,12.7,7.0,3.0,Moderate rain shortly before collection
,,,,,,,,Dead,25.886,31.820,27.961,185.976,,,,,,,,,,
,,,,,,,2,Live,25.604,42.284,30.779,222.319,,,,,,,,,,
,,,,,,,,Dead,22.998,28.087,24.717,196.044,,,,,,,,,,
,,,,,,,4,Live,25.580,43.926,31.093,232.777,,,,,,,,,,
,,,,,,,,Dead,26.061,31.820,27.777,235.606,,,,,,,,,,
,,,,,,,6,Live,25.993,40.508,30.152,249.002,TOO WET,,,,,,,,,
,,,,,,,,Dead,25.716,30.663,27.558,168.567,,,,,,,,,,
,,,,,,,8,Live,25.465,46.292,32.437,198.723,,,,,,,,,,
,,,,,,,,Dead,25.561,30.451,27.306,180.229,,,,,,,,,,
,,,,,,,10,Live,25.637,40.110,30.386,204.759,,,,,,,,,,
,,,,,,,,Dead,25.662,29.043,27.010,150.816,,,,,,,,,,
,,,,,,,12,Live,23.009,37.960,27.829,210.187,TOO WET,,,,,,,,,
,,,,,,,,Dead,23.628,30.934,26.623,143.940,,,,,,,,,,
,,,,,,,14,Live,25.611,41.899,30.871,209.658,,,,,,,,,,
,,,,,,,,Dead,25.747,29.668,27.407,136.205,,,,,,,,,,
,,,,,,,16,Live,25.554,42.163,31.082,200.452,,,,,,,,,,
,,,,,,,,Dead,25.673,31.318,28.010,141.549,,,,,,,,,,
,,,,,,,18,Live,25.795,40.244,30.612,199.958,TOO WET,,,,,,,,,
,,,,,,,,Dead,22.732,29.411,25.480,143.049,,,,,,,,,,
,,,,,,,20,Live,25.541,34.715,28.324,229.644,,,,,,,,,,
,,,,,,,,Dead,25.764,30.553,27.687,149.038,,,,,,,,,,
,,,,,,,22,Live,23.056,33.570,26.646,192.869,,,,,,,,,,
,,,,,,,,Dead,23.120,32.168,27.074,128.832,,,,,,,,,,
,,,,,,,24,Live,25.546,36.948,28.983,231.743,TOO WET,,,,,,,,,
,,,,,,,,Dead,23.450,28.428,25.663,124.944,,,,,,,,,,
,,,,,,,26,Live,25.359,39.234,29.707,219.112,,,,,,,,,,
,,,,,,,,Dead,23.176,27.315,25.170,107.573,,,,,,,,,,
,,,,,,,28,Live,25.667,38.805,30.230,187.925,,,,,,,,,,
,,,,,,,,Dead,25.836,29.720,27.400,148.338,,,,,,,,,,
,,,,,,,30,Live,25.597,41.641,31.334,179.658,60.3,,,,,,,,,
,,,,,,,,Dead,25.635,29.949,27.458,136.643,,,,,,,,,,
Heather,31,"51.839692, -3.870417",Gentle,South,26-Sep,09:20,0,Live,25.806,36.522,28.702,270.028,TOO WET,71.4,11.1,9.3,99.3,11.1,10.6,5.8,2.2,Light rain showers whilst collecting
,,,,,,,,Dead,25.939,34.322,28.586,216.698,,,,,,,,,,
,,,,,,,2,Live,23.214,37.468,27.382,241.987,,,,,,,,,,
,,,,,,,,Dead,25.963,30.906,27.393,245.664,,,,,,,,,,
,,,,,,,4,Live,25.474,34.091,28.024,237.922,,,,,,,,,,
,,,,,,,,Dead,25.541,29.092,26.639,223.406,,,,,,,,,,
,,,,,,,6,Live,25.714,32.529,27.636,254.579,TOO WET,,,,,,,,,
,,,,,,,,Dead,25.822,29.687,27.032,219.421,,,,,,,,,,
,,,,,,,8,Live,25.746,31.217,27.327,246.047,,,,,,,,,,
,,,,,,,,Dead,22.838,30.930,25.398,216.094,,,,,,,,,,
,,,,,,,10,Live,25.847,34.661,28.364,250.179,,,,,,,,,,
,,,,,,,,Dead,23.951,29.449,25.590,235.448,,,,,,,,,,
,,,,,,,12,Live,25.594,35.472,28.405,251.405,TOO WET,,,,,,,,,
,,,,,,,,Dead,25.833,28.839,26.920,176.541,,,,,,,,,,
,,,,,,,14,Live,25.779,35.357,28.688,229.254,,,,,,,,,,
,,,,,,,,Dead,23.171,28.293,24.744,225.620,,,,,,,,,,
,,,,,,,16,Live,22.972,31.100,25.410,233.388,,,,,,,,,,
,,,,,,,,Dead,25.628,30.791,27.230,222.285,,,,,,,,,,
,,,,,,,18,Live,25.684,32.980,27.876,232.847,83.6,,,,,,,,,
,,,,,,,,Dead,25.608,29.818,26.875,232.281,,,,,,,,,,
,,,,,,,20,Live,25.582,32.474,27.685,227.722,,,,,,,,,,
,,,,,,,,Dead,25.626,30.681,27.394,185.916,,,,,,,,,,
,,,,,,,22,Live,25.541,31.312,27.289,230.149,,,,,,,,,,
,,,,,,,,Dead,25.935,30.349,27.326,217.326,,,,,,,,,,
,,,,,,,24,Live,25.689,32.261,27.514,260.110,TOO WET,,,,,,,,,
,,,,,,,,Dead,23.207,27.156,24.489,208.034,,,,,,,,,,
,,,,,,,26,Live,25.874,33.834,28.323,225.031,,,,,,,,,,
,,,,,,,,Dead,25.519,32.841,28.061,188.041,,,,,,,,,,
,,,,,,,28,Live,25.887,31.485,27.549,236.823,,,,,,,,,,
,,,,,,,,Dead,25.816,31.413,27.614,211.290,,,,,,,,,,
,,,,,,,30,Live,25.954,34.299,28.482,230.103,TOO WET,,,,,,,,,
,,,,,,,,Dead,22.933,27.393,24.367,211.018,,,,,,,,,,
Heather,32,"51.846782, -3.887029",Gentle,North,24-Sep,11:08,0,Live,25.527,38.103,30.560,149.871,84.5,53.1,13.1,13.0,75.8,12.8,9.1,8.9,3.5,Light rain previous afternoon
,,,,,,,,Dead,23.074,29.191,27.005,55.609,,,,,,,,,,
,,,,,,,2,Live,25.759,36.028,29.733,158.405,,,,,,,,,,
,,,,,,,,Dead,25.731,30.711,28.854,59.462,,,,,,,,,,
,,,,,,,4,Live,25.624,40.561,31.486,154.811,,,,,,,,,,
,,,,,,,,Dead,25.546,33.568,30.369,66.328,,,,,,,,,,
,,,,,,,6,Live,25.598,38.912,30.930,149.700,73.0,,,,,,,,,
,,,,,,,,Dead,25.848,31.072,29.213,55.245,,,,,,,,,,
,,,,,,,8,Live,25.689,42.231,31.941,164.587,,,,,,,,,,
,,,,,,,,Dead,23.006,31.062,28.157,56.397,,,,,,,,,,
,,,,,,,10,Live,25.521,39.379,30.964,154.602,,,,,,,,,,
,,,,,,,,Dead,25.565,33.052,30.457,53.046,,,,,,,,,,
,,,,,,,12,Live,25.422,40.908,31.689,147.104,TOO WET,,,,,,,,,
,,,,,,,,Dead,23.642,29.637,27.494,55.633,,,,,,,,,,
,,,,,,,14,Live,22.958,36.106,28.187,151.444,,,,,,,,,,
,,,,,,,,Dead,25.591,33.202,30.278,62.385,,,,,,,,,,
,,,,,,,16,Live,25.652,41.128,31.404,169.054,,,,,,,,,,
,,,,,,,,Dead,23.384,26.418,25.503,43.181,,,,,,,,,,
,,,,,,,18,Live,25.476,40.477,31.804,137.058,TOO WET,,,,,,,,,
,,,,,,,,Dead,22.997,29.825,27.024,69.556,,,,,,,,,,
,,,,,,,20,Live,25.783,36.084,29.868,152.166,,,,,,,,,,
,,,,,,,,Dead,23.133,30.113,27.368,64.817,,,,,,,,,,
,,,,,,,22,Live,25.857,34.086,29.017,160.411,,,,,,,,,,
,,,,,,,,Dead,25.740,31.530,29.591,50.351,,,,,,,,,,
,,,,,,,24,Live,25.802,41.451,32.164,145.976,TOO WET,,,,,,,,,
,,,,,,,,Dead,25.645,34.509,30.952,67.025,,,,,,,,,,
,,,,,,,26,Live,25.902,44.332,32.870,164.495,,,,,,,,,,
,,,,,,,,Dead,22.911,28.343,26.826,38.748,,,,,,,,,,
,,,,,,,28,Live,23.260,35.441,28.242,144.500,,,,,,,,,,
,,,,,,,,Dead,23.009,27.729,26.290,43.859,,,,,,,,,,
,,,,,,,30,Live,25.641,43.563,32.328,168.013,72.0,,,,,,,,,
,,,,,,,,Dead,25.949,31.661,29.906,44.352,,,,,,,,,,
Heather,33,"51.846325, -3.893851",Steep,North,24-Sep,12:29,0,Live,25.364,36.740,30.365,127.475,TOO WET,TOO WET,11.8,11.2,80.7,11.2,8.1,4.8,4.0,Light rain previous afternoon
,,,,,,,,Dead,25.630,31.579,30.125,32.347,,,,,,,,,,
,,,,,,,2,Live,25.822,41.019,32.703,120.855,,,,,,,,,,
,,,,,,,,Dead,25.867,29.486,28.662,29.481,,,,,,,,,,
,,,,,,,4,Live,25.855,37.682,31.517,108.884,,,,,,,,,,
,,,,,,,,Dead,23.307,26.922,25.877,40.661,,,,,,,,,,
,,,,,,,6,Live,25.750,35.448,30.207,117.590,59.8,,,,,,,,,
,,,,,,,,Dead,25.741,29.781,28.603,41.160,,,,,,,,,,
,,,,,,,8,Live,25.907,33.085,29.478,101.008,,,,,,,,,,
,,,,,,,,Dead,25.661,28.990,28.193,31.477,,,,,,,,,,
,,,,,,,10,Live,25.534,40.566,32.770,107.739,,,,,,,,,,
,,,,,,,,Dead,23.193,27.123,26.315,25.881,,,,,,,,,,
,,,,,,,12,Live,25.382,33.115,28.887,120.628,50.7,,,,,,,,,
,,,,,,,,Dead,23.203,27.193,26.343,27.070,,,,,,,,,,
,,,,,,,14,Live,25.704,34.532,29.891,110.843,,,,,,,,,,
,,,,,,,,Dead,23.136,25.639,25.118,26.287,,,,,,,,,,
,,,,,,,16,Live,25.565,37.279,30.581,133.533,,,,,,,,,,
,,,,,,,,Dead,23.690,25.864,25.419,25.737,,,,,,,,,,
,,,,,,,18,Live,25.529,34.408,29.263,137.788,TOO WET,,,,,,,,,
,,,,,,,,Dead,22.855,27.238,25.742,51.818,,,,,,,,,,
,,,,,,,20,Live,25.504,34.589,29.362,135.485,,,,,,,,,,
,,,,,,,,Dead,22.768,25.349,24.841,24.506,,,,,,,,,,
,,,,,,,22,Live,25.809,37.768,30.675,145.767,,,,,,,,,,
,,,,,,,,Dead,25.772,29.516,28.084,61.938,,,,,,,,,,
,,,,,,,24,Live,25.547,39.153,31.322,135.602,TOO WET,,,,,,,,,
,,,,,,,,Dead,25.803,28.176,27.537,36.851,,,,,,,,,,
,,,,,,,26,Live,23.273,32.371,27.364,122.391,,,,,,,,,,
,,,,,,,,Dead,25.824,30.786,29.128,50.182,,,,,,,,,,
,,,,,,,28,Live,25.510,36.342,29.959,143.470,,,,,,,,,,
,,,,,,,,Dead,25.685,29.655,28.388,46.874,,,,,,,,,,
,,,,,,,30,Live,25.422,37.074,30.581,125.858,77.0,,,,,,,,,
,,,,,,,,Dead,23.102,28.537,26.777,47.891,,,,,,,,,,
Heather,34,"51.837782, 3.899460",Gentle,South,24-Sep,14:37,0,Live,25.872,39.705,32.475,109.496,71.2,53.8,11.3,10.9,80.0,11.1,8.0,4.7,3.2,Light rain previous afternoon
,,,,,,,,Dead,25.752,29.021,27.826,57.618,,,,,,,,,,
,,,,,,,2,Live,25.564,38.561,30.575,159.369,,,,,,,,,,
,,,,,,,,Dead,25.594,28.275,27.353,52.416,,,,,,,,,,
,,,,,,,4,Live,25.604,39.535,32.299,108.081,,,,,,,,,,
,,,,,,,,Dead,22.943,25.163,24.556,37.632,,,,,,,,,,
,,,,,,,6,Live,25.600,38.412,31.381,121.623,77.8,,,,,,,,,
,,,,,,,,Dead,25.670,27.812,27.200,40.000,,,,,,,,,,
,,,,,,,8,Live,25.898,38.153,30.839,148.027,,,,,,,,,,
,,,,,,,,Dead,23.426,26.579,25.678,40.009,,,,,,,,,,
,,,,,,,10,Live,25.748,38.257,31.591,114.085,,,,,,,,,,
,,,,,,,,Dead,25.817,29.197,28.144,45.251,,,,,,,,,,
,,,,,,,12,Live,25.676,44.867,34.661,113.589,TOO WET,,,,,,,,,
,,,,,,,,Dead,25.808,30.491,28.776,57.783,,,,,,,,,,
,,,,,,,14,Live,25.633,35.979,30.406,116.761,,,,,,,,,,
,,,,,,,,Dead,25.615,28.244,27.540,36.571,,,,,,,,,,
,,,,,,,16,Live,25.649,36.439,30.659,115.369,,,,,,,,,,
,,,,,,,,Dead,25.621,29.635,28.845,24.504,,,,,,,,,,
,,,,,,,18,Live,25.610,41.334,32.090,142.654,78.7,,,,,,,,,
,,,,,,,,Dead,25.543,28.779,28.066,28.260,,,,,,,,,,
,,,,,,,20,Live,25.846,37.543,31.263,115.931,,,,,,,,,,
,,,,,,,,Dead,25.778,28.023,27.471,32.605,,,,,,,,,,
,,,,,,,22,Live,22.975,37.438,29.248,130.560,,,,,,,,,,
,,,,,,,,Dead,25.582,28.859,27.627,60.244,,,,,,,,,,
,,,,,,,24,Live,25.581,35.854,30.083,128.187,TOO WET,,,,,,,,,
,,,,,,,,Dead,23.049,28.141,26.944,30.732,,,,,,,,,,
,,,,,,,26,Live,25.875,36.326,30.593,121.513,,,,,,,,,,
,,,,,,,,Dead,22.873,25.943,25.347,24.091,,,,,,,,,,
,,,,,,,28,Live,25.695,38.811,31.789,115.228,,,,,,,,,,
,,,,,,,,Dead,25.755,28.067,27.619,24.034,,,,,,,,,,
,,,,,,,30,Live,25.585,41.353,32.910,115.263,69.1,,,,,,,,,
,,,,,,,,Dead,25.598,27.561,27.105,30.259,,,,,,,,,,
Heather,35,"51.829064, 3.904049",Gentle,North,24-Sep,16:25,0,Live,23.045,32.774,27.283,129.566,TOO WET,45.4,10.8,9.9,82.3,10.5,7.8,5.0,3.6,Light rain previous afternoon
,,,,,,,,Dead,25.862,28.455,27.647,45.266,,,,,,,,,,
,,,,,,,2,Live,25.511,33.959,29.225,127.464,,,,,,,,,,
,,,,,,,,Dead,22.725,25.700,24.922,35.412,,,,,,,,,,
,,,,,,,4,Live,25.957,34.342,29.380,144.961,,,,,,,,,,
,,,,,,,,Dead,23.165,26.097,25.560,22.422,,,,,,,,,,
,,,,,,,6,Live,25.446,37.018,30.462,130.702,83.6,,,,,,,,,
,,,,,,,,Dead,22.923,25.908,24.961,46.467,,,,,,,,,,
,,,,,,,8,Live,23.078,39.485,30.053,135.226,,,,,,,,,,
,,,,,,,,Dead,25.847,30.427,29.392,29.196,,,,,,,,,,
,,,,,,,10,Live,25.609,36.426,30.562,118.393,,,,,,,,,,
,,,,,,,,Dead,25.423,29.037,27.960,42.452,,,,,,,,,,
,,,,,,,12,Live,25.846,40.662,32.632,118.332,TOO WET,,,,,,,,,
,,,,,,,,Dead,25.712,28.827,28.142,28.189,,,,,,,,,,
,,,,,,,14,Live,25.746,38.975,31.614,125.443,,,,,,,,,,
,,,,,,,,Dead,25.822,29.487,28.660,29.140,,,,,,,,,,
,,,,,,,16,Live,25.572,35.595,29.601,148.771,,,,,,,,,,
,,,,,,,,Dead,22.976,26.664,25.382,53.283,,,,,,,,,,
,,,,,,,18,Live,25.689,35.738,29.851,141.446,TOO WET,,,,,,,,,
,,,,,,,,Dead,25.645,29.911,28.966,28.455,,,,,,,,,,
,,,,,,,20,Live,25.471,35.517,29.785,132.870,,,,,,,,,,
,,,,,,,,Dead,22.962,26.000,25.450,22.106,,,,,,,,,,
,,,,,,,22,Live,25.453,39.207,31.878,114.070,,,,,,,,,,
,,,,,,,,Dead,25.344,30.532,29.032,40.672,,,,,,,,,,
,,,,,,,24,Live,25.649,36.486,30.236,136.255,TOO WET,,,,,,,,,
,,,,,,,,Dead,25.574,29.840,28.514,45.102,,,,,,,,,,
,,,,,,,26,Live,25.722,35.572,30.118,124.067,,,,,,,,,,
,,,,,,,,Dead,23.094,29.506,27.615,41.827,,,,,,,,,,
,,,,,,,28,Live,25.611,35.258,29.627,140.214,,,,,,,,,,
,,,,,,,,Dead,25.466,29.576,28.965,17.462,,,,,,,,,,
,,,,,,,30,Live,25.364,36.286,30.005,135.337,TOO WET,,,,,,,,,
,,,,,,,,Dead,25.440,30.796,29.089,46.780,,,,,,,,,,
Heather,36,"51.824367, -3.904355",Gentle,South,24-Sep,17:42,0,Live,25.848,37.301,31.528,101.637,58.0,46.8,7.7,7.7,88.4,7.8,5.9,0.9,0.7,Light rain previous afternoon
,,,,,,,,Dead,23.109,25.213,24.839,21.618,,,,,,,,,,
,,,,,,,2,Live,25.537,31.690,28.345,119.124,,,,,,,,,,
,,,,,,,,Dead,25.736,30.173,28.859,42.075,,,,,,,,,,
,,,,,,,4,Live,25.601,35.395,30.547,98.019,,,,,,,,,,
,,,,,,,,Dead,25.897,28.913,27.916,49.381,,,,,,,,,,
,,,,,,,6,Live,25.487,38.796,31.783,111.388,50.6,,,,,,,,,
,,,,,,,,Dead,25.485,28.779,27.810,41.677,,,,,,,,,,
,,,,,,,8,Live,25.682,39.426,31.976,118.367,,,,,,,,,,
,,,,,,,,Dead,26.005,29.030,28.008,51.023,,,,,,,,,,
,,,,,,,10,Live,25.673,35.418,30.203,115.121,,,,,,,,,,
,,,,,,,,Dead,25.536,30.501,28.549,64.786,,,,,,,,,,
,,,,,,,12,Live,25.798,34.016,29.583,117.120,70.4,,,,,,,,,
,,,,,,,,Dead,25.988,28.984,27.832,62.473,,,,,,,,,,
,,,,,,,14,Live,25.514,38.957,31.692,117.595,,,,,,,,,,
,,,,,,,,Dead,25.872,31.103,29.063,63.930,,,,,,,,,,
,,,,,,,16,Live,25.573,38.914,32.481,93.124,,,,,,,,,,
,,,,,,,,Dead,25.875,28.108,27.407,45.757,,,,,,,,,,
,,,,,,,18,Live,22.914,31.954,27.231,109.405,81.8,,,,,,,,,
,,,,,,,,Dead,23.595,25.090,24.706,34.563,,,,,,,,,,
,,,,,,,20,Live,25.721,37.242,31.183,110.930,,,,,,,,,,
,,,,,,,,Dead,25.911,27.793,27.297,35.786,,,,,,,,,,
,,,,,,,22,Live,25.593,34.992,29.806,123.095,,,,,,,,,,
,,,,,,,,Dead,25.667,28.265,27.691,28.360,,,,,,,,,,
,,,,,,,24,Live,23.087,34.797,28.292,124.976,70.9,,,,,,,,,
,,,,,,,,Dead,23.119,24.720,24.408,24.205,,,,,,,,,,
,,,,,,,26,Live,25.555,37.389,30.985,117.937,,,,,,,,,,
,,,,,,,,Dead,25.872,28.026,27.523,30.466,,,,,,,,,,
,,,,,,,28,Live,25.977,41.743,32.725,133.640,,,,,,,,,,
,,,,,,,,Dead,25.851,28.009,27.549,27.091,,,,,,,,,,
,,,,,,,30,Live,25.355,35.172,30.148,104.820,54.0,,,,,,,,,
,,,,,,,,Dead,25.508,27.684,27.233,26.145,,,,,,,,,,